fodev.org.,suffix
android.com.,suffix
amp.dev.,suffix
teamtreehouse.com.,suffix
codegrepper.com.,suffix
upwork.com.,suffix
bazel.build.,suffix
grow.google.,suffix
wallpaperget.com.,suffix
withgoogle.com.,suffix
microblink.com.,suffix
bluemix.net.,suffix
huggingface.co.,suffix
services.google.com.,suffix
slidesgo.com.,suffix
azure.com.,suffix
hotjar.com.,suffix
convertio.me.,suffix
convertio.co.,suffix
ipinfo.io.,suffix
openreview.net.,suffix
ieee.com.,suffix
ieee.org.,suffix
pytorchlightning.ai.,suffix
ifconfig.co.,suffix
rapidapi.com.,suffix
ipwhois.app.,suffix
earthengine.google.com.,suffix
wandb.ai.,suffix
sitefinity.com.,suffix
exceedlms.com.,suffix
bit.ly.,suffix
mi.com.,suffix
cnet.com.,suffix
amazon.com.,suffix
aclanthology.org.,suffix
tinyurl.com.,suffix
is.gd.,suffix
programiz.com.,suffix
terrytao.wordpress.com.,suffix
sites.google.com.,suffix
cppstories.com.,suffix
gurobi.com.,suffix
pub.dev.,suffix
gvt1.com.,suffix
swift.org.,suffix
fbsbx.com.,suffix
github.io.,suffix
pdf2go.com.,suffix
netacad.com.,suffix
netdevgroup.com.,suffix
reality.ai.,suffix
mozilla.net.,suffix
websiteforstudents.com.,suffix
withgoogle.com.,suffix
kite.com.,suffix
googletagservices.com.,suffix
alexa.com.,suffix
getliner.com.,suffix
jetbrains.space.,suffix
ngrok.com.,suffix
ngrok.io.,suffix
gradle-dn.com.,suffix
overleaf.com.,suffix
jenkins.org.,suffix
rubygems.org.,suffix
ruby-doc.org.,suffix
k8s.io.,suffix
gcr.io.,suffix
sstatic.net.,suffix
kaggleusercontent.com.,suffix
debian.org.,suffix
arcgis.com.,suffix
gravityforms.com.,suffix
igdb.com.,suffix
mendeley.com.,suffix
eslint.org.,suffix
amazonaws.com.,suffix
code.videolan.org.,suffix
videolan.org.,suffix
google-analytics.com.,suffix
timedoctor.com.,suffix
conan.io.,suffix
oddrun.ir.,suffix
proandroiddev.com.,suffix
superuser.com.,suffix
parsely.com.,suffix
huawei.com.,suffix
leech.com.,suffix
lightstep.com.,suffix
optimizely.com.,suffix
branch.io.,suffix
serverfault.com.,suffix
stackexchange.com.,suffix
stackoverflow.com.,suffix
glitch.me.,suffix
glitch.com.,suffix
vuejs.org.,suffix
reactjs.org.,suffix
adservice.google.com.,suffix
jhipster.tech.,suffix
algolia.net.,suffix
adobelogin.com.,suffix
kaggle.io.,suffix
adobe.com.,suffix
zend.com.,suffix
symfony.com.,suffix
classroom.google.com.,suffix
csb.app.,suffix
flutter-io.cn.,suffix
dartlang.org.,suffix
flutter.dev.,suffix
paypal.com.,suffix
web.dev.,suffix
c9.io.,suffix
codecov.io.,suffix
coursehero.com.,suffix
flaticon.com.,suffix
githubapp.com.,suffix
expressjs.com.,suffix
twilio.com.,suffix
xip.io.,suffix
nip.io.,suffix
kinsta.com.,suffix
codex.cs.yale.edu.,suffix
edx.org.,suffix
chaquo.com.,suffix
php.net.,suffix
freedesktop.org.,suffix
mybridge.co.,suffix
githubusercontent.com.,suffix
play.google.com.,suffix
algolia.com.,suffix
algolianet.com.,suffix
developer.google.com.,suffix
photodune.net.,suffix
videohive.net.,suffix
balena.io.,suffix
laravel.com.,suffix
salesforce.com.,suffix
expo.io.,suffix
expo.dev.,suffix
clients.google.com.,suffix
telerik.com.,suffix
audiojungle.net.,suffix
3docean.net.,suffix
sparkjava.com.,suffix
zeit.co.,suffix
graphicriver.net.,suffix
mit.edu.,suffix
tinyjpg.com.,suffix
goanimate.com.,suffix
hackerrank.com.,suffix
gitlab.com.,suffix
gitpod.io.,suffix
atlassian.com.,suffix
spiceworks.com.,suffix
bugsnag.com.,suffix
sentry.io.,suffix
sentry-cdn.com.,suffix
clients6.google.com.,suffix
incredibuild.com.,suffix
khronos.org.,suffix
epicgames.com.,suffix
enterprisedb.com.,suffix
packagist.org.,suffix
jenkov.com.,suffix
bintray.com.,suffix
edgesuite.net.,suffix
marketingplatform.google.com.,suffix
gopkg.in.,suffix
labix.org.,suffix
withgoogle.com.,suffix
accounts.google.com.,suffix
coinbase.com.,suffix
schema.org.,suffix
invisionapp.com.,suffix
bitbucket.org.,suffix
softonic.com.,suffix
developers.google.com.,suffix
nativescript.org.,suffix
kaggle.com.,suffix
ads.google.com.,suffix
domains.google.com.,suffix
tensorflow.org.,suffix
apple.com.,suffix
aws.amazon.com.,suffix
dl.google.com.,suffix
rapid7.com.,suffix
pscdn.co.,suffix
appengine.google.com.,suffix
baeldung.com.,suffix
envato-static.com.,suffix
newrelic.com.,suffix
google.ai.,suffix
gitlab.io.,suffix
flutter.io.,suffix
ai.google.,suffix
doubleclickbygoogle.com.,suffix
doubleclick.net.,suffix
gstatic.com.,suffix
jwplayer.com.,suffix
caddyserver.com.,suffix
caddy.community.,suffix
googleadservices.com.,suffix
googletagmanager.com.,suffix
androidstudio.googleblog.com.,suffix
geforce.com.,suffix
socket.io.,suffix
googleusercontent.com.,suffix
en25.com.,suffix
tinypng.com.,suffix
fsdn.com.,suffix
justpaste.it.,suffix
demandbase.com.,suffix
appspot.com.,suffix
element14.com.,suffix
unity3d.com.,suffix
sourceforge.net.,suffix
unity.com.,suffix
myfonts.net.,suffix
jaspersoft.com.,suffix
design.google.com.,suffix
stripe.com.,suffix
python.org.,suffix
pypi.org.,suffix
gravatar.com.,suffix
cloud.google.com.,suffix
analytics.google.com.,suffix
optimize.google.com.,suffix
tagmanager.google.com.,suffix
fiber.google.com.,suffix
dl-ssl.google.com.,suffix
dns.google.com.,suffix
firebase.google.com.,suffix
firebase.com.,suffix
googleapis.com.,suffix
jetbrains.com.,suffix
seleniumhq.org.,suffix
invis.io.,suffix
i18next.com.,suffix
java.com.,suffix
vuforia.com.,suffix
cocalc.com.,suffix
gradle.org.,suffix
fabric.io.,suffix
apis.google.com.,suffix
godoc.org.,suffix
paypalobjects.com.,suffix
count.ly.,suffix
khanacademy.org.,suffix
oracle.com.,suffix
crashlytics.com.,suffix
origin.com.,suffix
explainshell.com.,suffix
packtpub.com.,suffix
traviscistatus.com.,suffix
golang.org.,suffix
storage.googleapis.com.,suffix
flutterlearn.com.,suffix
spring.io.,suffix
themeforest.net.,suffix
flurry.com.,suffix
softlayer.com.,suffix
mailgun.com.,suffix
bootstrapcdn.com.,suffix
download.virtualbox.org.,suffix
sun.com.,suffix
books.google.com.,suffix
mysql.com.,suffix
unrealengine.com.,suffix
mongodb.org.,suffix
mongodb.com.,suffix
swaggerhub.com.,suffix
envato.com.,suffix
apps.admob.com.,suffix
grafana.com.,suffix
cp.maxcdn.com.,suffix
codecanyon.net.,suffix
compiles.overleaf.com.,suffix
amd.com.,suffix
payments.google.com.,suffix
ibm.com.,suffix
jenkins-ci.org.,suffix
mbed.com.,suffix
ti.com.,suffix
netbeans.org.,suffix
vmware.com.,suffix
toggl.com.,suffix
docker.com.,suffix
docker.io.,suffix
datacamp.com.,suffix
googlesource.com.,suffix
polymer-project.org.,suffix
udemy.com.,suffix
udemycdn.com.,suffix
udemycdn-a.com.,suffix
material.io.,suffix
teamviewer.com.,suffix
intel.com.,suffix
developer.chrome.com.,suffix
github.com.,suffix
jfrog.org.,suffix
sonatype.org.,suffix
maven.org.,suffix
jitpack.io.,suffix
maven.google.com.,suffix
cloudfront.net.,suffix
nvidia.com.,suffix
rstudio.com.,suffix
sendgrid.com.,suffix
kubernetes.io.,suffix
issuetracker.google.com.,suffix
virtualbox.org.,suffix
atlassian.net.,suffix
ubuntu.com.,suffix
b4x.com.,suffix
elastic.co.,suffix
launchpad.net.,suffix
medium.com.,suffix
code.google.com.,suffix
realm.io.,suffix
maas.io.,suffix
docs.datastax.com.,suffix
splunk.com.,suffix
gitlab-static.net.,suffix
releases.hashicorp.com.,suffix
livefyre.com.,suffix
cloudera.com.,suffix
apache.org.,suffix
vagrantup.com.,suffix
metasploit.com.,suffix
coursera.org.,suffix
nodejs.org.,suffix
macromedia.com.,suffix
akamaized.net.,suffix
npmjs.org.,suffix
dell.com.,suffix
gallery.io.,suffix
mathworks.com.,suffix
lenovo.com.,suffix
jitsi.org.,suffix
anydesk.com.,suffix
ant.design.,suffix
centos.org.,suffix
quay.io.,suffix
bitvise.com.,suffix
nextjs.org.,suffix
ni.com.,suffix
graphql.org.,suffix
altera.com.,suffix
microchip.com.,suffix
codesandbox.io.,suffix
spotify.com.,suffix
scdn.co.,suffix
godbolt.org.,suffix
zoom.us.,suffix
freecodecamp.org.,suffix
libraries.io.,suffix
githubassets.com.,suffix
i.stack.imgur.com.,suffix
bitsrc.io.,suffix
hyper.is.,suffix
serialport.io.,suffix
curd.io.,suffix
wikia.com.,suffix
fluttercrashcourse.com.,suffix
developer.samsung.com.,suffix
clients2.google.com.,suffix
business.google.com.,suffix
grabcad.com.,suffix
vmcdn.com.,suffix
nirsoft.net.,suffix
digikey.com.,suffix
download.01.org.,suffix
packagesource.com.,suffix
wtfismyip.com.,suffix
bootswatch.com.,suffix
getbootstrap.com.,suffix
events.google.com.,suffix
unsplash.com.,suffix
packagecloud.io.,suffix
coursera-apps.org.,suffix
coursera.com.,suffix
javacardos.com.,suffix
getcaddy.com.,suffix
bit.dev.,suffix
clamav.net.,suffix
qt.io.,suffix
forums.cpanel.net.,suffix
nginx.com.,suffix
surveys.google.com.,suffix
jfrog.io.,suffix
yarnpkg.com.,suffix
kaggle.net.,suffix
battlecode.org.,suffix
cljdoc.org.,suffix
vuetifyjs.com.,suffix
wpastra.com.,suffix
zeplin.io.,suffix
xkcd.com.,suffix
deployer.org.,suffix
heroku.com.,suffix
travis-ci.com.,suffix
travis-ci.org.,suffix
hpe.com.,suffix
fedoramagazine.org.,suffix
datastudio.google.com.,suffix
stackshare.io.,suffix
cloudbees.com.,suffix
red.com.,suffix
remove.bg.,suffix
fedoraproject.org.,suffix
consul.io.,suffix
mozilla.org.,suffix
bigbluebutton.org.,suffix
openvpn.net.,suffix
alpinelinux.org.,suffix
yajrabox.com.,suffix
api.daily.dev.,suffix
wakatime.com.,suffix
fontawesome.com.,suffix
webcatalog.app.,suffix
hackthebox.eu.,suffix
segment.com.,suffix
towardsdatascience.com.,suffix
microsoft.com.,suffix
trello.com.,suffix
mariadb.com.,suffix
tabnine.com.,suffix
chromium.org.,suffix
cisco.com.,suffix
nestjs.com.,suffix
envato.market.,suffix
mailchimp.com.,suffix
stripe.network.,suffix
waze.com.,suffix
visualping.io.,suffix
trellocdn.com.,suffix
typoci.com.,suffix
logrocket.com.,suffix
statuspage.io.,suffix
hp.com.,suffix
nodesource.com.,suffix
react-select.com.,suffix
earthengine.google.com.,suffix
fortinet.com.,suffix
leafletjs.com.,suffix
dev.to.,suffix
ojrq.net.,suffix
codepen.io.,suffix
xiaomi.com.,suffix
micropyramid.com.,suffix
dns.google.,suffix
digitalocean.com.,suffix
lit.dev.,suffix
intellij.net.,suffix
altn.com.,suffix
pingdom.com.,suffix
thinkwithgoogle.com.,suffix
githubusercontent.com.,suffix
000webhost.com.,suffix
dot.tk.,suffix
freenom.com.,suffix
quilljs.com.,suffix
hackerrank.com.,suffix
fuchsia.dev.,suffix
highcharts.com.,suffix
fusioncharts.com.,suffix
deno.land.,suffix
minio.io.,suffix
nvcr.io.,suffix
opendev.org.,suffix
pypa.io.,suffix
pythonhosted.org.,suffix
cirros-cloud.net.,suffix
bestbuy.com.,suffix
dashboardpack.com.,suffix
eloqua.com.,suffix
gnome.org.,suffix
google.qualtrics.com.,suffix
lg.com.,suffix
lgappstv.com.,suffix
linuxquestions.org.,suffix
notifications.google.com.,suffix
one.google.com.,suffix
onfastspring.com.,suffix
paddle.com.,suffix
rtings.com.,suffix
templatemag.com.,suffix
themepixels.me.,suffix
wrappixel.com.,suffix
azul.com.,suffix
go.dev.,suffix
plotly.com.,suffix
coreldraw.com.,suffix
intelephense.com.,suffix
itsfoss.com.,suffix
serverpilot.io.,suffix
pytorch.org.,suffix
insomnia.rest.,suffix
planet.com.,suffix
axocdn.com.,suffix
gitkraken.com.,suffix